游戏名称,游戏大小(MB),网址链接,是否已下载
真实枪械2专业版,178.77MB,https://www.ddooo.com/softdown/237605.htm,是
兔子先生的魔法秀,106.65MB,https://www.ddooo.com/softdown/235913.htm,是
贪吃蛇幸存者手游2025最新版,110.49MB,https://www.ddooo.com/softdown/244049.htm,是
大小武士生存物语最新版(Daisho),322.39MB,https://www.ddooo.com/softdown/245072.htm,是
你的目的就是杀死我3,198.77MB,https://www.ddooo.com/softdown/236635.htm,是
赛车大师游戏(Car Race Master),146.79MB,https://www.ddooo.com/softdown/227771.htm,是
Blades of Brim官方版,186.88MB,https://www.ddooo.com/softdown/186027.htm,是
模拟炒股人生手机版,35.98MB,https://www.ddooo.com/softdown/237055.htm,是
烈魂,151.75MB,https://www.ddooo.com/softdown/237770.htm,是
Zombie Towers游戏,125.32MB,https://www.ddooo.com/softdown/247363.htm,是
肌肉甜心最新版,132.42MB,https://www.ddooo.com/softdown/245979.htm,是
projectz手游,49.77MB,https://www.ddooo.com/softdown/201704.htm,是
静态换挡赛车手机版(Static Shift Racing),624.35MB,https://www.ddooo.com/softdown/243768.htm,是
烹饪王国cookingdom中文版,1341.44MB,https://www.ddooo.com/softdown/199127.htm,否
猫咪传说游戏(LegendOfCat),145.87MB,https://www.ddooo.com/softdown/246523.htm,是
破门而入行动小队官方正版,86.83MB,https://www.ddooo.com/softdown/201312.htm,是
天才宝宝学前启蒙手游,61.17MB,https://www.ddooo.com/softdown/222372.htm,是
潜水员戴夫手机版,2181.12MB,https://www.ddooo.com/softdown/244769.htm,否
主题公园过山车(Thrill Rush),130.85MB,https://www.ddooo.com/softdown/196975.htm,是
我与兄贵下电梯的二三事游戏,61.24MB,https://www.ddooo.com/softdown/189176.htm,是
旋转吧霓虹手游,46.42MB,https://www.ddooo.com/softdown/186422.htm,是
少女乐园派对台服手游,118.02MB,https://www.ddooo.com/softdown/245917.htm,是
翻新小屋中文版,50.86MB,https://www.ddooo.com/softdown/177284.htm,是
一百块钱的梦想,11.37MB,https://www.ddooo.com/softdown/165997.htm,是
画个腿快跑最新版(Draw Climber),106.35MB,https://www.ddooo.com/softdown/166151.htm,是
传说之下三重审判最新版本,88.52MB,https://www.ddooo.com/softdown/195873.htm,是
小动物自走棋中文版最新版,165.94MB,https://www.ddooo.com/softdown/223186.htm,是
樱花小镇学校小游戏,66.92MB,https://www.ddooo.com/softdown/231050.htm,是
恐怖冰淇淋2中文版正版,206.89MB,https://www.ddooo.com/softdown/214001.htm,是
城市斗士vs街头帮派,168.21MB,https://www.ddooo.com/softdown/245830.htm,是
喧闹的城堡2025最新版,166.21MB,https://www.ddooo.com/softdown/232423.htm,是
英雄先生最新版,743.32MB,https://www.ddooo.com/softdown/247423.htm,是
钓鱼冲突官方版,141.17MB,https://www.ddooo.com/softdown/188795.htm,是
我的关东煮小铺游戏,578.29MB,https://www.ddooo.com/softdown/250223.htm,是
麻辣烫大师正版,184.06MB,https://www.ddooo.com/softdown/238548.htm,是
冰箱陈列师国际版,196.42MB,https://www.ddooo.com/softdown/226288.htm,是
PickCrafter最新中文版,111.02MB,https://www.ddooo.com/softdown/245005.htm,是
生物原型2,580.04MB,https://www.ddooo.com/softdown/251523.htm,是
反叛战争模拟游戏手机版,67.28MB,https://www.ddooo.com/softdown/223855.htm,是
蛋蛋大乱斗官方版,69.67MB,https://www.ddooo.com/softdown/239403.htm,是
漫游都市官方版,68.99MB,https://www.ddooo.com/softdown/244727.htm,是
3D方块消安卓版,73.32MB,https://www.ddooo.com/softdown/232284.htm,是
有弹性的伙伴游戏,67.00MB,https://www.ddooo.com/softdown/176754.htm,是
飞机模拟修理厂游戏,139.73MB,https://www.ddooo.com/softdown/231879.htm,是
本田思域驾驶模拟器手机版,67.12MB,https://www.ddooo.com/softdown/239877.htm,是
模拟太空木筏生存中文版,43.36MB,https://www.ddooo.com/softdown/240374.htm,是
黑暗荒野官方最新版(The Wild Darkness),146.60MB,https://www.ddooo.com/softdown/232900.htm,是
mugen奥特曼手机版,1792.00MB,https://www.ddooo.com/softdown/169118.htm,否
狼族手游中文版(The Wolf),98.01MB,https://www.ddooo.com/softdown/232487.htm,是
挑战巅峰中文版,186.69MB,https://www.ddooo.com/softdown/122785.htm,是
沉浸式解压美妆官方版,66.04MB,https://www.ddooo.com/softdown/245302.htm,是
哥们向前冲游戏,65.49MB,https://www.ddooo.com/softdown/235300.htm,是
成长死灵法师官方版,67.66MB,https://www.ddooo.com/softdown/152403.htm,是
兵者手游,64.09MB,https://www.ddooo.com/softdown/111462.htm,是
史诗木筏中文版,63.65MB,https://www.ddooo.com/softdown/200884.htm,是
Rolling Cube游戏,63.18MB,https://www.ddooo.com/softdown/240952.htm,是
游戏笑园游戏,614.30MB,https://www.ddooo.com/softdown/225618.htm,是
忍者武士隆最新版,165.70MB,https://www.ddooo.com/softdown/232600.htm,是
AB POP最新版本,111.54MB,https://www.ddooo.com/softdown/152934.htm,是
齿轮赛车无穷游戏,103.20MB,https://www.ddooo.com/softdown/231054.htm,是
大灾变末日求生手游,62.31MB,https://www.ddooo.com/softdown/136261.htm,是
梦幻餐厅官方正版,61.70MB,https://www.ddooo.com/softdown/141672.htm,是
喜欢上你就输了2中文版,60.42MB,https://www.ddooo.com/softdown/162956.htm,是
汽车战场完整版,59.94MB,https://www.ddooo.com/softdown/238666.htm,是
放置剪羊毛（Idle Wool Tycoon）,45.34MB,https://www.ddooo.com/softdown/146405.htm,是
开局一口锅游戏,26.18MB,https://www.ddooo.com/softdown/144944.htm,是
简仙最新版,2.73MB,https://www.ddooo.com/softdown/240606.htm,是
极限特技摩托车(Stunt Bike Extreme),223.54MB,https://www.ddooo.com/softdown/127207.htm,是
宝宝巴士宝宝小画板,90.99MB,https://www.ddooo.com/softdown/230427.htm,是
指尖之力手游官方正版,79.09MB,https://www.ddooo.com/softdown/245868.htm,是
全球卡车模拟器汉化版最新版,561.64MB,https://www.ddooo.com/softdown/124072.htm,是
汤姆猫跑酷2官方正版,121.88MB,https://www.ddooo.com/softdown/223611.htm,是
火力全开2手机版,1361.92MB,https://www.ddooo.com/softdown/244598.htm,否
antistress中文版,159.94MB,https://www.ddooo.com/softdown/237184.htm,是
方块爆炸大师(Block Blast),186.73MB,https://www.ddooo.com/softdown/222697.htm,是
口袋妖怪的世界最新版,62.60MB,https://www.ddooo.com/softdown/72533.htm,是
保护狗狗安全游戏,59.49MB,https://www.ddooo.com/softdown/230782.htm,是
回家先生手游,59.33MB,https://www.ddooo.com/softdown/159592.htm,是
换装娃娃贴图游戏,145.81MB,https://www.ddooo.com/softdown/232851.htm,是
功夫节奏大师游戏,58.78MB,https://www.ddooo.com/softdown/135302.htm,是
秘密短讯开始啦游戏,143.43MB,https://www.ddooo.com/softdown/237584.htm,是
立体涂色游戏,66.09MB,https://www.ddooo.com/softdown/166550.htm,是
疯狂的拍打红包版,57.28MB,https://www.ddooo.com/softdown/226196.htm,是
星夜骑士中文版本,141.76MB,https://www.ddooo.com/softdown/241679.htm,是
武器王手游,56.65MB,https://www.ddooo.com/softdown/138671.htm,是
32 secs游戏,56.08MB,https://www.ddooo.com/softdown/125346.htm,是
全民酷跑王者游戏,55.55MB,https://www.ddooo.com/softdown/242404.htm,是
一起摊煎饼吧游戏,142.91MB,https://www.ddooo.com/softdown/246600.htm,是
逃离医院荒岛冒险记游戏,55.10MB,https://www.ddooo.com/softdown/163956.htm,是
我的线画的贼6手游,13.65MB,https://www.ddooo.com/softdown/143497.htm,是
成语精英官方版,54.84MB,https://www.ddooo.com/softdown/230812.htm,是
1998收费员的故事汉化版,652.59MB,https://www.ddooo.com/softdown/222922.htm,是
卷王之王手游,60.79MB,https://www.ddooo.com/softdown/240138.htm,是
无双机甲官方正版,54.19MB,https://www.ddooo.com/softdown/162232.htm,是
逃离鸭科夫手机版,278.07MB,https://www.ddooo.com/softdown/213067.htm,是
恐怖电脑游戏手机版,25.93MB,https://www.ddooo.com/softdown/239551.htm,是
iris手游汉化版,479.76MB,https://www.ddooo.com/softdown/136634.htm,是
大战僵尸行动,119.46MB,https://www.ddooo.com/softdown/240016.htm,是
永恒与星辰与日常,441.66MB,https://www.ddooo.com/softdown/196265.htm,是
汤姆猫总动员2官方正版,238.98MB,https://www.ddooo.com/softdown/209134.htm,是
阿凡达世界免付费解锁版,1023.23MB,https://www.ddooo.com/softdown/246093.htm,是
漫无止境游戏最新版,346.85MB,https://www.ddooo.com/softdown/241265.htm,是
夜幕王国边境塔防手机版,288.15MB,https://www.ddooo.com/softdown/218487.htm,是
黑曜石骑士手机版,110.10MB,https://www.ddooo.com/softdown/250240.htm,是
喵之料理大师最新版,185.79MB,https://www.ddooo.com/softdown/230459.htm,是
同步音律官方版,850.34MB,https://www.ddooo.com/softdown/222981.htm,是
石头记游戏手机版(Stone Story),99.66MB,https://www.ddooo.com/softdown/240743.htm,是
极速3D赛车游戏最新版,127.93MB,https://www.ddooo.com/softdown/243941.htm,是
潜行模拟器最新版,167.09MB,https://www.ddooo.com/softdown/240379.htm,是
螃蟹账号代售app,113.33MB,https://www.ddooo.com/softdown/236793.htm,是
逃离克里夫手游联机版,326.73MB,https://www.ddooo.com/softdown/224083.htm,是
决斗之城单机版,369.78MB,https://www.ddooo.com/softdown/184753.htm,是
姐要变瘦游戏,148.84MB,https://www.ddooo.com/softdown/227977.htm,是
自行车跳跃游戏,115.91MB,https://www.ddooo.com/softdown/176652.htm,是
自由人生模拟器游戏,55.68MB,https://www.ddooo.com/softdown/227658.htm,是
呜咽岛手游,418.94MB,https://www.ddooo.com/softdown/227682.htm,是
加油吧店长大人手游,148.61MB,https://www.ddooo.com/softdown/227710.htm,是
史小坑漂流记手游,53.52MB,https://www.ddooo.com/softdown/237346.htm,是
推推猫手游,91.43MB,https://www.ddooo.com/softdown/226905.htm,是
烹饪派对游戏,119.94MB,https://www.ddooo.com/softdown/230723.htm,是
疯狂诡宅手游,139.73MB,https://www.ddooo.com/softdown/227370.htm,是
地牢x地牢汉化版,52.56MB,https://www.ddooo.com/softdown/127688.htm,是
原神版iwanna手游,16.78MB,https://www.ddooo.com/softdown/227188.htm,是
易次元深宫曲官方版,353.74MB,https://www.ddooo.com/softdown/226885.htm,是
Parkour Race游戏,97.33MB,https://www.ddooo.com/softdown/183404.htm,是
内在昔日完整版,350.62MB,https://www.ddooo.com/softdown/238886.htm,是
Beat Stomper游戏,52.17MB,https://www.ddooo.com/softdown/104324.htm,是
闪躲箭雨手机版,51.86MB,https://www.ddooo.com/softdown/128054.htm,是
外星软泥,83.78MB,https://www.ddooo.com/softdown/246972.htm,是
纸人回魂2午夜新娘最新版,50.74MB,https://www.ddooo.com/softdown/247964.htm,是
漂泊佩恩手游,50.37MB,https://www.ddooo.com/softdown/242386.htm,是
沙滩车闪电战(Beach Buggy Blitz),47.95MB,https://www.ddooo.com/softdown/109331.htm,是
明日特攻队官方版,490.47MB,https://www.ddooo.com/softdown/217760.htm,是
侠客江湖手游,5.97MB,https://www.ddooo.com/softdown/132996.htm,是
求生孤岛游戏,49.88MB,https://www.ddooo.com/softdown/232729.htm,是
猫咪生存日记（CatSurvive）,49.50MB,https://www.ddooo.com/softdown/143867.htm,是
有妖酷跑手游,49.07MB,https://www.ddooo.com/softdown/137206.htm,是
梦想寿司店游戏,159.15MB,https://www.ddooo.com/softdown/135435.htm,是
疫苗僵尸战争中文版,48.66MB,https://www.ddooo.com/softdown/142909.htm,是
游戏制作大师官方版,48.19MB,https://www.ddooo.com/softdown/142203.htm,是
恋爱教父张小伟游戏,33.80MB,https://www.ddooo.com/softdown/227820.htm,是
火柴人历险记官方版,75.57MB,https://www.ddooo.com/softdown/227518.htm,是
手术模拟器手机版,30.46MB,https://www.ddooo.com/softdown/227574.htm,是
双人游戏手机版,53.50MB,https://www.ddooo.com/softdown/227693.htm,是
海底大逃杀正版手游,133.02MB,https://www.ddooo.com/softdown/247651.htm,是
直升机射手手游,113.96MB,https://www.ddooo.com/softdown/186029.htm,是
将军的荣耀2中文版,89.51MB,https://www.ddooo.com/softdown/131824.htm,是
威虎战机手机版,24.71MB,https://www.ddooo.com/softdown/235543.htm,是
戴夫大战僵尸重制版手机版,60.56MB,https://www.ddooo.com/softdown/232601.htm,是
Battlefield小助手安卓版,60.18MB,https://www.ddooo.com/softdown/119648.htm,是
炮艇战3d战舰手游官方版,91.51MB,https://www.ddooo.com/softdown/224697.htm,是
植物大战僵尸DAH版,152.71MB,https://www.ddooo.com/softdown/22413.htm,是
汤姆猫消消乐园手游,110.00MB,https://www.ddooo.com/softdown/144978.htm,是
全民漂移游戏手机版,53.28MB,https://www.ddooo.com/softdown/144352.htm,是
客车模拟器最新版,51.26MB,https://www.ddooo.com/softdown/244177.htm,是
神模拟器2025最新版,42.62MB,https://www.ddooo.com/softdown/226735.htm,是
植物大战僵尸像素版最新版,174.00MB,https://www.ddooo.com/softdown/155685.htm,是
羊了个羊正版,255.84MB,https://www.ddooo.com/softdown/231910.htm,是
里约热内卢圣徒之城手游,874.18MB,https://www.ddooo.com/softdown/82348.htm,是
恐怖庄园的秘密中文版,12.40MB,https://www.ddooo.com/softdown/138160.htm,是
火柴人战争塔防手游,53.33MB,https://www.ddooo.com/softdown/226405.htm,是
愤怒的可莉游戏(AngryKeli),30.18MB,https://www.ddooo.com/softdown/226705.htm,是
巫师英雄手游,178.41MB,https://www.ddooo.com/softdown/225519.htm,是
罪恶的绳索火柴人手游,184.18MB,https://www.ddooo.com/softdown/226548.htm,是
闺蜜谁最美游戏,118.43MB,https://www.ddooo.com/softdown/225405.htm,是
布偶动物的餐厅官方版,126.78MB,https://www.ddooo.com/softdown/226137.htm,是
糖豆人必须死游戏,154.76MB,https://www.ddooo.com/softdown/226205.htm,是
樱花校外模拟器2中文版,171.19MB,https://www.ddooo.com/softdown/224539.htm,是
jump harem游戏6个世界手机版,216.02MB,https://www.ddooo.com/softdown/225735.htm,是
猴子塔防最新版本(BTD Battles),119.66MB,https://www.ddooo.com/softdown/224245.htm,是
陆军指挥官游戏,158.42MB,https://www.ddooo.com/softdown/225924.htm,是
时代之下2发现手游,458.58MB,https://www.ddooo.com/softdown/223883.htm,是
山与女孩官方版,79.71MB,https://www.ddooo.com/softdown/226088.htm,是
暗影忍者武士中文版,104.30MB,https://www.ddooo.com/softdown/224172.htm,是
黑暗荒野2官方正版,171.32MB,https://www.ddooo.com/softdown/200538.htm,是
海战大师最新版,59.72MB,https://www.ddooo.com/softdown/223954.htm,是
病毒瘟疫中文版,37.90MB,https://www.ddooo.com/softdown/223908.htm,是
植物怒战僵尸王手游,61.80MB,https://www.ddooo.com/softdown/226069.htm,是
我的修行世界最新版,583.18MB,https://www.ddooo.com/softdown/223657.htm,是
我的属性游戏,73.23MB,https://www.ddooo.com/softdown/226182.htm,是
种田重启人生官方正版,62.25MB,https://www.ddooo.com/softdown/223416.htm,是
1位像素生存(1 Bit Survivor),65.52MB,https://www.ddooo.com/softdown/238878.htm,是
家宴游戏(FamilyDinner),54.54MB,https://www.ddooo.com/softdown/239142.htm,是
僵尸公司手机版(Zombies Inc.),101.08MB,https://www.ddooo.com/softdown/238714.htm,是
开店模拟器手机版,54.79MB,https://www.ddooo.com/softdown/238692.htm,是
合成地牢游戏,125.36MB,https://www.ddooo.com/softdown/174586.htm,是
彩色水排序手游,69.92MB,https://www.ddooo.com/softdown/238529.htm,是
最强大冒险2手机版,24.54MB,https://www.ddooo.com/softdown/226358.htm,是
钢琴块3国际版,258.79MB,https://www.ddooo.com/softdown/223761.htm,是
奔跑的胖子手游,29.75MB,https://www.ddooo.com/softdown/238460.htm,是
我要整整齐齐最新版,10.76MB,https://www.ddooo.com/softdown/222965.htm,是
乐游连连看手机版,32.40MB,https://www.ddooo.com/softdown/222609.htm,是
兰博汽车模拟器官方版,102.33MB,https://www.ddooo.com/softdown/222324.htm,是
蛇蛇射击方块手游,47.56MB,https://www.ddooo.com/softdown/222299.htm,是
点我狙击游戏,26.06MB,https://www.ddooo.com/softdown/222779.htm,是
我打砖块贼六游戏,51.44MB,https://www.ddooo.com/softdown/222481.htm,是
她的愿望终未实现中文版,103.29MB,https://www.ddooo.com/softdown/221900.htm,是
佩尔霍宁官方正版,323.35MB,https://www.ddooo.com/softdown/221187.htm,是
梗西游官方版,85.49MB,https://www.ddooo.com/softdown/219913.htm,是
可口的咖啡美味的咖啡官方正版,393.69MB,https://www.ddooo.com/softdown/247967.htm,是
我是导演游戏,52.47MB,https://www.ddooo.com/softdown/219070.htm,是
王蓝莓的幸福生活官方版,147.99MB,https://www.ddooo.com/softdown/221346.htm,是
孙美琪疑案秘弑游戏,237.13MB,https://www.ddooo.com/softdown/217798.htm,是
环卫工人模拟器手机版(Cleaning Idle),93.70MB,https://www.ddooo.com/softdown/217448.htm,是
王国养成2官方版,126.23MB,https://www.ddooo.com/softdown/220393.htm,是
植物僵尸守卫战手机版,37.53MB,https://www.ddooo.com/softdown/218540.htm,是
疯狂植物战争游戏手机版,59.23MB,https://www.ddooo.com/softdown/218945.htm,是
火柴人搞笑格斗(Stickman Fight),32.40MB,https://www.ddooo.com/softdown/217630.htm,是
植物僵尸战争手游,82.69MB,https://www.ddooo.com/softdown/217963.htm,是
梦境建筑师手机版,94.85MB,https://www.ddooo.com/softdown/216193.htm,是
仿真飞机驾驶官方版,151.91MB,https://www.ddooo.com/softdown/215328.htm,是
龙族之战游戏,98.37MB,https://www.ddooo.com/softdown/213871.htm,是
机器人殖民地2中文版,32.81MB,https://www.ddooo.com/softdown/213439.htm,是
不可思议的蜘蛛英雄手游,71.83MB,https://www.ddooo.com/softdown/212386.htm,是
超市模拟器2官方正版,388.95MB,https://www.ddooo.com/softdown/212792.htm,是
李国富的小日子官方版,157.57MB,https://www.ddooo.com/softdown/210582.htm,是
战后生存手机版,73.49MB,https://www.ddooo.com/softdown/211399.htm,是
eloh手机版,171.54MB,https://www.ddooo.com/softdown/210282.htm,是
滴滴司机模拟器中文版,93.49MB,https://www.ddooo.com/softdown/207905.htm,是
最强网吧游戏官方版,40.42MB,https://www.ddooo.com/softdown/208714.htm,是
同学来找茬,41.19MB,https://www.ddooo.com/softdown/222377.htm,是
鱿鱼宿舍官方版,20.23MB,https://www.ddooo.com/softdown/222900.htm,是
暗房backrooms游戏,158.66MB,https://www.ddooo.com/softdown/221597.htm,是
极品自行车游戏,63.54MB,https://www.ddooo.com/softdown/222323.htm,是
上帝毁灭模拟器手机版,50.38MB,https://www.ddooo.com/softdown/218362.htm,是
乌龟对对碰游戏,112.15MB,https://www.ddooo.com/softdown/222000.htm,是
拉斯维加斯犯罪模拟器游戏(Vegas Crime Simulator),121.93MB,https://www.ddooo.com/softdown/218938.htm,是
火柴人神射手官方正版,75.08MB,https://www.ddooo.com/softdown/221803.htm,是
极品螳螂,185.46MB,https://www.ddooo.com/softdown/222544.htm,是
印度摩托车驾驶3d最新版本,141.80MB,https://www.ddooo.com/softdown/242329.htm,是
决战高尔夫国际版,139.77MB,https://www.ddooo.com/softdown/243961.htm,是
Assoluto Racing最新版,241.40MB,https://www.ddooo.com/softdown/247632.htm,是
僵尸世界战争新世界最新版,324.76MB,https://www.ddooo.com/softdown/230512.htm,是
躺平植物战僵尸最新版,79.01MB,https://www.ddooo.com/softdown/223280.htm,是
我要逃跑游戏,47.42MB,https://www.ddooo.com/softdown/222417.htm,是
骑战烈火之剑手游,303.99MB,https://www.ddooo.com/softdown/208965.htm,是
仙女村庄游戏手机版,173.89MB,https://www.ddooo.com/softdown/138711.htm,是
月球沙盒战斗模拟器2中文版(MoonBox 2),68.26MB,https://www.ddooo.com/softdown/218817.htm,是
食人鲨手机版,5017.60MB,https://www.ddooo.com/softdown/251412.htm,否
极限特技赛车游戏手机版,173.11MB,https://www.ddooo.com/softdown/238709.htm,是
多普莱斯世界官方正版,361.46MB,https://www.ddooo.com/softdown/249800.htm,是
开拓者游戏手机版,891.00MB,https://www.ddooo.com/softdown/212207.htm,是
战区前线手游,60.24MB,https://www.ddooo.com/softdown/248491.htm,是
漂移传奇2最新版,516.29MB,https://www.ddooo.com/softdown/20675.htm,是
太空刑警1中文版,283.92MB,https://www.ddooo.com/softdown/207944.htm,是
腾讯欢乐麻将官方版,439.32MB,https://www.ddooo.com/softdown/168222.htm,是
金铲铲助手app,67.10MB,https://www.ddooo.com/softdown/209810.htm,是
宝宝巴士奇妙屋儿童早教,239.06MB,https://www.ddooo.com/softdown/173351.htm,是
万千群侠传官方版,103.25MB,https://www.ddooo.com/softdown/214447.htm,是
骰子大战官方正版,110.51MB,https://www.ddooo.com/softdown/210432.htm,是
x核心银河入侵官方正版,102.12MB,https://www.ddooo.com/softdown/208150.htm,是
空闲动物大亨,93.71MB,https://www.ddooo.com/softdown/210230.htm,是
像素火影五条悟官方正版,303.78MB,https://www.ddooo.com/softdown/244573.htm,是
动力蜘蛛侠,80.17MB,https://www.ddooo.com/softdown/210520.htm,是
深城官方正版(Deep Town),110.15MB,https://www.ddooo.com/softdown/103230.htm,是
料理妈妈官方正版,95.06MB,https://www.ddooo.com/softdown/122747.htm,是
坦克之星游戏(Tank Stars),119.12MB,https://www.ddooo.com/softdown/232406.htm,是
黄金太阳3漆黑的黎明,189.00MB,https://www.ddooo.com/softdown/251517.htm,是
PeppyCat(猫咪游戏),16.21MB,https://www.ddooo.com/softdown/244723.htm,是
岛屿战争游戏,285.51MB,https://www.ddooo.com/softdown/202743.htm,是
催眠麦克风日服官方正版,167.66MB,https://www.ddooo.com/softdown/243440.htm,是
Kardz官方版,22.51MB,https://www.ddooo.com/softdown/228217.htm,是
儿童学英文字母游戏,142.46MB,https://www.ddooo.com/softdown/230778.htm,是
FoodTruckChef中文版,155.34MB,https://www.ddooo.com/softdown/185233.htm,是
我在大清当皇帝单机版,1034.24MB,https://www.ddooo.com/softdown/215934.htm,否
创游编辑器2025最新版,168.19MB,https://www.ddooo.com/softdown/193623.htm,是
网吧老板模拟器中文版,287.85MB,https://www.ddooo.com/softdown/225196.htm,是
克隆军团最新版本,172.40MB,https://www.ddooo.com/softdown/209536.htm,是
史莱姆城堡官方版,861.77MB,https://www.ddooo.com/softdown/231851.htm,是
披萨好了,182.22MB,https://www.ddooo.com/softdown/209956.htm,是
文豪与炼金术师手游最新版(文アル),107.34MB,https://www.ddooo.com/softdown/241470.htm,是
生存之日游戏,204.12MB,https://www.ddooo.com/softdown/106443.htm,是
歧路旅人大陆的霸者台服,1536.00MB,https://www.ddooo.com/softdown/244110.htm,否
异世界佣兵团养成记,738.40MB,https://www.ddooo.com/softdown/251404.htm,是
贪婪洞窟官方正版,257.76MB,https://www.ddooo.com/softdown/188740.htm,是
一梦江湖单机版,1853.44MB,https://www.ddooo.com/softdown/212655.htm,否
阿尔茨海默守护游戏,512.94MB,https://www.ddooo.com/softdown/241563.htm,是
传说忍者弓箭手游戏,51.76MB,https://www.ddooo.com/softdown/222506.htm,是
色彩大冒险最新版,51.25MB,https://www.ddooo.com/softdown/238798.htm,是
口袋大叔中文版,50.61MB,https://www.ddooo.com/softdown/143406.htm,是
西游斗战怒佛正版,50.21MB,https://www.ddooo.com/softdown/159439.htm,是
三国之轮回官方版,5.26MB,https://www.ddooo.com/softdown/168889.htm,是
虫子世界最新版,111.89MB,https://www.ddooo.com/softdown/239486.htm,是
超级飞扬高尔夫游戏,255.02MB,https://www.ddooo.com/softdown/250438.htm,是
爷爷的早餐店,371.13MB,https://www.ddooo.com/softdown/242592.htm,是
漫画书店模拟器手机版,523.89MB,https://www.ddooo.com/softdown/225538.htm,是
吸血鬼的堕落2官方版,248.63MB,https://www.ddooo.com/softdown/199858.htm,是
开运麻将官方版,902.10MB,https://www.ddooo.com/softdown/243141.htm,是
龙与剑手游,251.50MB,https://www.ddooo.com/softdown/238979.htm,是
海战棋2中文版官方正版,94.16MB,https://www.ddooo.com/softdown/225923.htm,是
糖果苏打传奇最新版本2025,154.05MB,https://www.ddooo.com/softdown/90932.htm,是
小丑牌宝可梦模组,77.22MB,https://www.ddooo.com/softdown/197330.htm,是
阿尔比恩国际服,143.61MB,https://www.ddooo.com/softdown/235760.htm,是
SiegeUp最新版,90.01MB,https://www.ddooo.com/softdown/229273.htm,是
疯狂烧烤摊官方正版,86.37MB,https://www.ddooo.com/softdown/249773.htm,是
福蒂亚斯传奇最新版本,530.23MB,https://www.ddooo.com/softdown/250139.htm,是
石头割草模拟器,113.93MB,https://www.ddooo.com/softdown/241282.htm,是
凡尔赛法环游戏,230.97MB,https://www.ddooo.com/softdown/193535.htm,是
神庙逃亡3,166.74MB,https://www.ddooo.com/softdown/247110.htm,是
可口的披萨美味的披萨正版2025,347.86MB,https://www.ddooo.com/softdown/226629.htm,是
从零开始的钓鱼人生,182.78MB,https://www.ddooo.com/softdown/224937.htm,是
冷酷灵魂,231.88MB,https://www.ddooo.com/softdown/209102.htm,是
快手小游戏官方正版,157.74MB,https://www.ddooo.com/softdown/130549.htm,是
漂浮沙盒模拟器,135.32MB,https://www.ddooo.com/softdown/142345.htm,是
公主房间装饰设计官方版,32.02MB,https://www.ddooo.com/softdown/207334.htm,是
末日生存日记手游,56.95MB,https://www.ddooo.com/softdown/203221.htm,是
植物大战僵尸模拟器手游,47.26MB,https://www.ddooo.com/softdown/202796.htm,是
美味星球正版手游,50.29MB,https://www.ddooo.com/softdown/201907.htm,是
我老婆超凶小游戏,47.76MB,https://www.ddooo.com/softdown/186751.htm,是
我在江南有间客栈单机手游,147.25MB,https://www.ddooo.com/softdown/249005.htm,是
球球绝地大作战游戏,47.35MB,https://www.ddooo.com/softdown/222606.htm,是
豌豆杆游乐场官方版,143.86MB,https://www.ddooo.com/softdown/244694.htm,是
儿童益智左右脑游戏,47.08MB,https://www.ddooo.com/softdown/229696.htm,是
挖土达人游戏,142.98MB,https://www.ddooo.com/softdown/238925.htm,是
跑酷专家游戏,141.76MB,https://www.ddooo.com/softdown/230653.htm,是
夺命马戏团中文版,46.87MB,https://www.ddooo.com/softdown/149612.htm,是
浮世绘冲浪游戏,57.33MB,https://www.ddooo.com/softdown/125953.htm,是
easystyle游戏,146.05MB,https://www.ddooo.com/softdown/247167.htm,是
宅男要什么女朋友游戏,46.35MB,https://www.ddooo.com/softdown/163302.htm,是
恐怖海绵宝宝游戏,49.53MB,https://www.ddooo.com/softdown/231005.htm,是
监狱星球中文版,46.19MB,https://www.ddooo.com/softdown/239247.htm,是
火柴人军团作战手游,58.30MB,https://www.ddooo.com/softdown/187624.htm,是
脆比街,480.00MB,https://www.ddooo.com/softdown/241785.htm,是
疯兔大爆炸官方版(BigBang),45.64MB,https://www.ddooo.com/softdown/136951.htm,是
盆栽大师游戏,45.52MB,https://www.ddooo.com/softdown/178476.htm,是
发现狗狗乐园手游,45.12MB,https://www.ddooo.com/softdown/121521.htm,是
闲置城市建造者游戏,48.48MB,https://www.ddooo.com/softdown/122773.htm,是
角斗士罗马求生最新版,333.95MB,https://www.ddooo.com/softdown/239544.htm,是
抖音你家没了小游戏,44.90MB,https://www.ddooo.com/softdown/230392.htm,是
深海大鱼吃小鱼,48.12MB,https://www.ddooo.com/softdown/240525.htm,是
吃鸡小队游戏,44.83MB,https://www.ddooo.com/softdown/214996.htm,是
跳一跳达人游戏,47.80MB,https://www.ddooo.com/softdown/181987.htm,是
迪士尼无限飞车手游最新版,1566.72MB,https://www.ddooo.com/softdown/245851.htm,否
狼模拟器游戏,75.66MB,https://www.ddooo.com/softdown/251510.htm,是
往日不再手游官方正版,306.75MB,https://www.ddooo.com/softdown/205094.htm,是
帷幕战争中文版,178.33MB,https://www.ddooo.com/softdown/206916.htm,是
拆墙游戏(Bucket Crusher),99.53MB,https://www.ddooo.com/softdown/227699.htm,是
糖果警察游戏,53.43MB,https://www.ddooo.com/softdown/204242.htm,是
妹居物语手机版,365.44MB,https://www.ddooo.com/softdown/196943.htm,是
恶魔猎手地下城手机版,205.67MB,https://www.ddooo.com/softdown/202883.htm,是
警察模拟器2手机版,1280.00MB,https://www.ddooo.com/softdown/201595.htm,否
像素工厂汉化版,67.95MB,https://www.ddooo.com/softdown/153315.htm,是
逃离塔克夫2d版最新版,142.68MB,https://www.ddooo.com/softdown/248968.htm,是
乱世曹操传九游版,386.09MB,https://www.ddooo.com/softdown/190916.htm,是
象棋助手手机版,282.35MB,https://www.ddooo.com/softdown/133785.htm,是
奥奇传说单机版,1853.44MB,https://www.ddooo.com/softdown/188428.htm,否
逃跑吧少年oppo官方正版,1433.60MB,https://www.ddooo.com/softdown/213867.htm,否
棋者象棋手机版,119.32MB,https://www.ddooo.com/softdown/238867.htm,是
风暴山之谜汉化版,463.77MB,https://www.ddooo.com/softdown/239331.htm,是
顽皮兔最新版2025,209.95MB,https://www.ddooo.com/softdown/133144.htm,是
三国群英传3手机版,760.01MB,https://www.ddooo.com/softdown/106078.htm,是
元气骑士池鸳直装版,540.73MB,https://www.ddooo.com/softdown/213911.htm,是
茉莉的花园最新版,277.81MB,https://www.ddooo.com/softdown/145885.htm,是
Duet Cats音游,115.10MB,https://www.ddooo.com/softdown/188714.htm,是
死亡威胁僵尸战争2025最新版本,228.60MB,https://www.ddooo.com/softdown/228360.htm,是
僵尸不能死手机版,127.89MB,https://www.ddooo.com/softdown/251364.htm,是
房产兄弟家居设计游戏最新版,215.09MB,https://www.ddooo.com/softdown/127624.htm,是
火箭联盟极限汽车赛中文版(R.A.C.E.),212.42MB,https://www.ddooo.com/softdown/244213.htm,是
纸片大作战2中文版(Paper.io 2),136.89MB,https://www.ddooo.com/softdown/133220.htm,是
银河掌控最新中文版,700.27MB,https://www.ddooo.com/softdown/239552.htm,是
创造与魔法单机版,1873.92MB,https://www.ddooo.com/softdown/188235.htm,否
滚动玻璃杯游戏,47.56MB,https://www.ddooo.com/softdown/222540.htm,是
地面之下手游,47.17MB,https://www.ddooo.com/softdown/238255.htm,是
鳄鱼侦探布罗格手机版,1249.28MB,https://www.ddooo.com/softdown/161664.htm,否
火柴人染色法案游戏,46.65MB,https://www.ddooo.com/softdown/249127.htm,是
家族重开,74.59MB,https://www.ddooo.com/softdown/131046.htm,是
皇上请留步2,46.32MB,https://www.ddooo.com/softdown/160146.htm,是
我是活雷锋官方版,45.82MB,https://www.ddooo.com/softdown/150901.htm,是
异世界勇者官方版,520.36MB,https://www.ddooo.com/softdown/249260.htm,是
绝地鸭卫,424.39MB,https://www.ddooo.com/softdown/250773.htm,是
铁甲钢拳世界机器人拳击最新版,972.35MB,https://www.ddooo.com/softdown/219174.htm,是
我是大东家单机版,1239.04MB,https://www.ddooo.com/softdown/195672.htm,否
Oxide生存岛游戏,477.10MB,https://www.ddooo.com/softdown/148406.htm,是
明星养成有限公司最新版,100.36MB,https://www.ddooo.com/softdown/189587.htm,是
my dear farm中文版,164.33MB,https://www.ddooo.com/softdown/223383.htm,是
哆啦小镇手机版,211.05MB,https://www.ddooo.com/softdown/247455.htm,是
租号宝app,47.04MB,https://www.ddooo.com/softdown/179051.htm,是
海绵宝宝大闹蟹堡王官方正版,296.32MB,https://www.ddooo.com/softdown/245231.htm,是
泰坦之路2025正版,198.89MB,https://www.ddooo.com/softdown/235763.htm,是
家庭农场探险国际版,866.10MB,https://www.ddooo.com/softdown/247759.htm,是
我的休闲时光手游官方版,478.71MB,https://www.ddooo.com/softdown/247278.htm,是
哈基跑酷,359.33MB,https://www.ddooo.com/softdown/207669.htm,是
战国争霸2汉化版,273.64MB,https://www.ddooo.com/softdown/232873.htm,是
咸鱼侠大战b宫怪官方版,48.99MB,https://www.ddooo.com/softdown/133558.htm,是
我功夫特牛2,500.74MB,https://www.ddooo.com/softdown/187735.htm,是
游戏fan手游折扣平台app,39.89MB,https://www.ddooo.com/softdown/228344.htm,是
英雄之王手游官方版(Lord of Heroes),157.01MB,https://www.ddooo.com/softdown/248592.htm,是
闲置光之城游戏,98.41MB,https://www.ddooo.com/softdown/176417.htm,是
学园偶像大师,465.88MB,https://www.ddooo.com/softdown/251104.htm,是
炼钢工厂游戏,409.68MB,https://www.ddooo.com/softdown/227706.htm,是
color number中文版,87.11MB,https://www.ddooo.com/softdown/241655.htm,是
驾驶x软体车祸模拟器官方版,736.94MB,https://www.ddooo.com/softdown/246303.htm,是
英雄与部落手游,715.24MB,https://www.ddooo.com/softdown/54656.htm,是
几何逃生1,21.27MB,https://www.ddooo.com/softdown/248030.htm,是
梦幻龙乐园官方正版,90.96MB,https://www.ddooo.com/softdown/248094.htm,是
小小水世界（World of Water）,166.97MB,https://www.ddooo.com/softdown/232563.htm,是
青鬼online2025最新版,97.50MB,https://www.ddooo.com/softdown/245805.htm,是
宝宝儿童动物拼图游戏,48.76MB,https://www.ddooo.com/softdown/233869.htm,是
驾驶区德国游戏,261.66MB,https://www.ddooo.com/softdown/182305.htm,是
迷宫传说2中文版,188.19MB,https://www.ddooo.com/softdown/166278.htm,是
冲撞赛车2最新版,114.97MB,https://www.ddooo.com/softdown/119620.htm,是
帝国与谜题官方版,232.06MB,https://www.ddooo.com/softdown/248724.htm,是
迈哲木佩奇卡,251.04MB,https://www.ddooo.com/softdown/247859.htm,是
租号玩app,114.27MB,https://www.ddooo.com/softdown/100193.htm,是
红手指专业版app,61.60MB,https://www.ddooo.com/softdown/160370.htm,是
盼之代售app最新版,111.49MB,https://www.ddooo.com/softdown/217651.htm,是
哔哩哔哩游戏中心app,220.17MB,https://www.ddooo.com/softdown/51841.htm,是
捕鱼炸翻天官方版,923.99MB,https://www.ddooo.com/softdown/186980.htm,是
米加小镇世界修改版,539.02MB,https://www.ddooo.com/softdown/190008.htm,是
白猫与神秘的宇宙飞船游戏,45.59MB,https://www.ddooo.com/softdown/237441.htm,是
猫咪逃脱游戏,141.67MB,https://www.ddooo.com/softdown/191429.htm,是
勇敢蛙蛙游戏,45.51MB,https://www.ddooo.com/softdown/241480.htm,是
疯狂汽车游戏,37.21MB,https://www.ddooo.com/softdown/132747.htm,是
狂扁木偶人手游,203.92MB,https://www.ddooo.com/softdown/244827.htm,是
农场主快开荒,222.30MB,https://www.ddooo.com/softdown/251499.htm,是
魔鼠克星中文版,44.85MB,https://www.ddooo.com/softdown/208329.htm,是
美味大作战手机版,44.72MB,https://www.ddooo.com/softdown/159777.htm,是
街头妈咪韩式摆摊大亨中文版,433.87MB,https://www.ddooo.com/softdown/225761.htm,是
迷你战舰合成游戏,44.31MB,https://www.ddooo.com/softdown/222590.htm,是
卫生纸没啦最新版,44.58MB,https://www.ddooo.com/softdown/182526.htm,是
一分钟手速挑战游戏,43.58MB,https://www.ddooo.com/softdown/240261.htm,是
Matchington最新版本,560.44MB,https://www.ddooo.com/softdown/174044.htm,是
反恐突击队,43.10MB,https://www.ddooo.com/softdown/141545.htm,是
酷跑我最溜手机版,43.08MB,https://www.ddooo.com/softdown/240279.htm,是
Crashy警察手游,55.55MB,https://www.ddooo.com/softdown/134647.htm,是
猎魔村物语最新版,118.59MB,https://www.ddooo.com/softdown/226852.htm,是
城市自由驾驶,169.68MB,https://www.ddooo.com/softdown/194138.htm,是
零红蝶手机版,2017.28MB,https://www.ddooo.com/softdown/239332.htm,否
老乡你要啥官方版,42.43MB,https://www.ddooo.com/softdown/225565.htm,是
托卡城堡小镇游戏,423.32MB,https://www.ddooo.com/softdown/230906.htm,是
放置空闲矿工游戏,141.26MB,https://www.ddooo.com/softdown/182311.htm,是
空白奇谭中文版,139.84MB,https://www.ddooo.com/softdown/243518.htm,是
无敌脑洞王者游戏,416.94MB,https://www.ddooo.com/softdown/247550.htm,是
鸽子模拟器中文版,70.42MB,https://www.ddooo.com/softdown/190618.htm,是
古墓探险官方版,41.88MB,https://www.ddooo.com/softdown/153002.htm,是
饿狼传说狼之印记手机版,86.04MB,https://www.ddooo.com/softdown/192565.htm,是
废品大师手机版,42.72MB,https://www.ddooo.com/softdown/248578.htm,是
寓言小镇,352.01MB,https://www.ddooo.com/softdown/211131.htm,是
作弊不要被老师发现游戏,45.27MB,https://www.ddooo.com/softdown/188705.htm,是
点杀泰坦2国际服,206.67MB,https://www.ddooo.com/softdown/192997.htm,是
维特之旅游戏,404.62MB,https://www.ddooo.com/softdown/186829.htm,是
班迪与油印机中文版,1064.96MB,https://www.ddooo.com/softdown/100367.htm,否
西瓜矿工游戏,41.59MB,https://www.ddooo.com/softdown/223404.htm,是
密室逃脱23迷失俱乐部游戏,189.96MB,https://www.ddooo.com/softdown/139834.htm,是
百变小姐姐手游,42.31MB,https://www.ddooo.com/softdown/229408.htm,是
动物安排员游戏手机版,41.24MB,https://www.ddooo.com/softdown/167547.htm,是
我怀疑学妹喜欢我手游,40.74MB,https://www.ddooo.com/softdown/150641.htm,是
挂机勇者大冒险游戏,43.61MB,https://www.ddooo.com/softdown/240625.htm,是
无尽之箭手游,21.75MB,https://www.ddooo.com/softdown/188188.htm,是
心灵废墟手游,39.81MB,https://www.ddooo.com/softdown/162394.htm,是
19号小队游戏,39.33MB,https://www.ddooo.com/softdown/166434.htm,是
玩具兵小镇官方正版,112.74MB,https://www.ddooo.com/softdown/221578.htm,是
房屋设计师游戏,1054.72MB,https://www.ddooo.com/softdown/49359.htm,否
英雄公会幻想rpg,236.25MB,https://www.ddooo.com/softdown/249883.htm,是
饼干消除官方版,156.10MB,https://www.ddooo.com/softdown/140525.htm,是
地铁跑酷冲浪之城手游,189.16MB,https://www.ddooo.com/softdown/223417.htm,是
Rotating Art Launcher启动器,52.80MB,https://www.ddooo.com/softdown/251494.htm,是
指尖四川麻将九游版,811.68MB,https://www.ddooo.com/softdown/242985.htm,是
卡牌大爆发官方版,167.80MB,https://www.ddooo.com/softdown/187650.htm,是
钢琴之星手机版,100.73MB,https://www.ddooo.com/softdown/251493.htm,是
密室逃脱17守护公寓游戏,757.72MB,https://www.ddooo.com/softdown/230739.htm,是
黑暗地牢手机版,39.15MB,https://www.ddooo.com/softdown/199576.htm,是
超级跑车收藏模拟器2025最新版,400.29MB,https://www.ddooo.com/softdown/244914.htm,是
真实停车模拟器2汉化版,384.30MB,https://www.ddooo.com/softdown/238926.htm,是
汽车驾驶开放世界手机版,434.52MB,https://www.ddooo.com/softdown/248308.htm,是
电力平衡游戏,38.32MB,https://www.ddooo.com/softdown/97215.htm,是
方块填充游戏,41.84MB,https://www.ddooo.com/softdown/236883.htm,是
这就是学霸小学版,38.13MB,https://www.ddooo.com/softdown/163864.htm,是
登山飙车游戏,41.45MB,https://www.ddooo.com/softdown/134504.htm,是
一指功夫梦最新版,41.22MB,https://www.ddooo.com/softdown/226847.htm,是
天天向上切水果手游,40.89MB,https://www.ddooo.com/softdown/194826.htm,是
暗影猎人手游官方版(Shadow Slayer),302.82MB,https://www.ddooo.com/softdown/244449.htm,是
死亡崛起(Survivor Base),198.93MB,https://www.ddooo.com/softdown/52598.htm,是
代号肉鸽游戏,239.55MB,https://www.ddooo.com/softdown/205271.htm,是
魔法突袭（Magic Attack）,343.74MB,https://www.ddooo.com/softdown/244455.htm,是
猫咪整理师,137.54MB,https://www.ddooo.com/softdown/246558.htm,是
csr赛车官方版,538.66MB,https://www.ddooo.com/softdown/27389.htm,是
House Flipper手机版,164.49MB,https://www.ddooo.com/softdown/246450.htm,是
采矿大亨官方版,237.22MB,https://www.ddooo.com/softdown/124525.htm,是
我的完美酒店游戏官方版本,185.12MB,https://www.ddooo.com/softdown/247249.htm,是
植物大战僵尸重生最新版,164.60MB,https://www.ddooo.com/softdown/188683.htm,是
Block Craft 3D中文版,84.14MB,https://www.ddooo.com/softdown/117318.htm,是
火柴人战争遗产3魔改版,389.86MB,https://www.ddooo.com/softdown/219085.htm,是
真实拳击2中文版,867.92MB,https://www.ddooo.com/softdown/231289.htm,是
地下城与像素英雄官方版,33.34MB,https://www.ddooo.com/softdown/171371.htm,是
城市岛屿5官方正版,126.04MB,https://www.ddooo.com/softdown/180708.htm,是
文明帝国中文最新正版,25.11MB,https://www.ddooo.com/softdown/218004.htm,是
monopoly大富翁手游,544.42MB,https://www.ddooo.com/softdown/243446.htm,是
军衔徽章游戏,75.25MB,https://www.ddooo.com/softdown/226694.htm,是
逍遥客栈手游,505.42MB,https://www.ddooo.com/softdown/139241.htm,是
憨豆先生手游官方版,112.30MB,https://www.ddooo.com/softdown/236639.htm,是
宠物拯救传奇中文版,140.76MB,https://www.ddooo.com/softdown/124554.htm,是
小猫冲刺官方版,194.00MB,https://www.ddooo.com/softdown/236041.htm,是
战车撞僵尸地牢手机版(Earn to Die Rogue),195.63MB,https://www.ddooo.com/softdown/248186.htm,是
树洞奇妙之旅手机版,120.56MB,https://www.ddooo.com/softdown/237460.htm,是
卡哇伊传奇2025最新版,97.52MB,https://www.ddooo.com/softdown/236008.htm,是
后置之地(Afterplace),87.81MB,https://www.ddooo.com/softdown/246189.htm,是
掌上土地手游最新版(Pocket Land),166.07MB,https://www.ddooo.com/softdown/232651.htm,是
粉碎星球,102.87MB,https://www.ddooo.com/softdown/231704.htm,是
汽车驾驶学校2025中文版,1669.12MB,https://www.ddooo.com/softdown/249400.htm,否
割绳子1中文版(Cut the Rope Free),125.42MB,https://www.ddooo.com/softdown/14468.htm,是
Age of Magic最新版,160.56MB,https://www.ddooo.com/softdown/23574.htm,是
幸运房东官方正式版,138.81MB,https://www.ddooo.com/softdown/245057.htm,是
像素射击警察对强盗游戏,348.95MB,https://www.ddooo.com/softdown/113322.htm,是
日出小镇Sunrise Village,630.65MB,https://www.ddooo.com/softdown/205586.htm,是
去垂钓吧游戏,83.34MB,https://www.ddooo.com/softdown/146363.htm,是
人群进化手游,229.17MB,https://www.ddooo.com/softdown/229916.htm,是
警察驾驶模拟器手机中文版,1484.80MB,https://www.ddooo.com/softdown/233887.htm,否
巨匠眼,578.03MB,https://www.ddooo.com/softdown/250696.htm,是
Rage Road官方版,107.75MB,https://www.ddooo.com/softdown/2515.htm,是
玩具爆破官方版,188.90MB,https://www.ddooo.com/softdown/249424.htm,是
钢铁战队入侵最新版本,628.00MB,https://www.ddooo.com/softdown/231156.htm,是
肌肉冲刺中文版,110.49MB,https://www.ddooo.com/softdown/196707.htm,是
打工人生,20.13MB,https://www.ddooo.com/softdown/208894.htm,是
尤雅闪耀,506.07MB,https://www.ddooo.com/softdown/141981.htm,否
鸡蛋工厂大亨中文版正版,107.93MB,https://www.ddooo.com/softdown/241244.htm,是
疯狂医院达什医生最新版,655.87MB,https://www.ddooo.com/softdown/246319.htm,是
喵星人跳跃,183.64MB,https://www.ddooo.com/softdown/140538.htm,否
合并外国山海经游戏(Merge Fellas),137.55MB,https://www.ddooo.com/softdown/250612.htm,是
三国蜀汉刘备传,312.35MB,https://www.ddooo.com/softdown/205415.htm,是
超市商店模拟器中文版,221.68MB,https://www.ddooo.com/softdown/46227.htm,是
旅游小镇手游官方正版,142.37MB,https://www.ddooo.com/softdown/248487.htm,是
驾驶学校模拟器Evo,2017.28MB,https://www.ddooo.com/softdown/246302.htm,否
勇士争霸赤胆联盟最新版,202.37MB,https://www.ddooo.com/softdown/249022.htm,是
星际探险队游戏中文版,82.88MB,https://www.ddooo.com/softdown/249796.htm,是
英雄之时手机版,176.36MB,https://www.ddooo.com/softdown/216689.htm,是
宝宝巴士雪糕工厂游戏,182.78MB,https://www.ddooo.com/softdown/111904.htm,是
世界末日生存官方正版,890.69MB,https://www.ddooo.com/softdown/158958.htm,是
汽车模拟器2最新版2025,836.35MB,https://www.ddooo.com/softdown/140561.htm,是
龙族融合游戏,233.27MB,https://www.ddooo.com/softdown/104982.htm,是
马赛克英雄国际服,1290.24MB,https://www.ddooo.com/softdown/246669.htm,否
机场模拟器大亨2025最新版,181.58MB,https://www.ddooo.com/softdown/251486.htm,是
天天打莫雷手游,44.50MB,https://www.ddooo.com/softdown/157622.htm,是
恐龙融合大师模拟器游戏,146.42MB,https://www.ddooo.com/softdown/249360.htm,是
合并豪宅最新版,180.02MB,https://www.ddooo.com/softdown/238523.htm,是
杀手47行动中文版,585.84MB,https://www.ddooo.com/softdown/243700.htm,是
魔塔与英雄最新版,51.47MB,https://www.ddooo.com/softdown/155916.htm,是
猎梦保卫战官方正版,96.02MB,https://www.ddooo.com/softdown/169835.htm,是
星球生存手游中文版（X Survive）,184.70MB,https://www.ddooo.com/softdown/247426.htm,是
三国真龙传,273.84MB,https://www.ddooo.com/softdown/246488.htm,是
密室逃脱绝境系列8酒店惊魂游戏,157.70MB,https://www.ddooo.com/softdown/161470.htm,是
疯狂塔防物语最新版,266.46MB,https://www.ddooo.com/softdown/240011.htm,是
我凿木头贼六游戏,100.42MB,https://www.ddooo.com/softdown/165663.htm,是
狼人清洁工汉化版,966.94MB,https://www.ddooo.com/softdown/251483.htm,是
球球你跳一跳正版,242.03MB,https://www.ddooo.com/softdown/213872.htm,是
偶像制作人最新版,57.93MB,https://www.ddooo.com/softdown/243575.htm,是
跳舞之路手游,173.84MB,https://www.ddooo.com/softdown/173484.htm,是
我的虚拟宠物猫游戏正版,140.47MB,https://www.ddooo.com/softdown/248987.htm,是
僵尸毁灭工程手机版,2611.20MB,https://www.ddooo.com/softdown/117375.htm,否
语文音乐手游官方版,54.75MB,https://www.ddooo.com/softdown/147070.htm,是
植物大战僵尸转基因版,349.46MB,https://www.ddooo.com/softdown/143777.htm,是
对称GO最新版,67.88MB,https://www.ddooo.com/softdown/147686.htm,是
深夜廻手游汉化版,1638.40MB,https://www.ddooo.com/softdown/79023.htm,否
画廊涂色本和装饰手游,270.20MB,https://www.ddooo.com/softdown/235374.htm,是
银河袭击独立行动手游,266.22MB,https://www.ddooo.com/softdown/186964.htm,是
开心猫舍官方版,241.77MB,https://www.ddooo.com/softdown/190023.htm,是
指尖幻影官方版,580.31MB,https://www.ddooo.com/softdown/242678.htm,是
听说这里有怪兽游戏,163.44MB,https://www.ddooo.com/softdown/48644.htm,是
像素冒险村中文版,79.45MB,https://www.ddooo.com/softdown/222391.htm,是
闪烁之光单机版,980.01MB,https://www.ddooo.com/softdown/203278.htm,是
上分模拟器手游,29.13MB,https://www.ddooo.com/softdown/147462.htm,是
我要撞到爆手游,44.69MB,https://www.ddooo.com/softdown/148813.htm,是
战争要塞手游,42.39MB,https://www.ddooo.com/softdown/154708.htm,是
巴巴利亚战争手游,91.61MB,https://www.ddooo.com/softdown/148322.htm,是
迷你装修公司游戏,68.69MB,https://www.ddooo.com/softdown/205793.htm,是
不要尖叫,165.71MB,https://www.ddooo.com/softdown/211511.htm,是
亦辰画质助手2025最新版本,18.46MB,https://www.ddooo.com/softdown/231312.htm,是
骑士经理3游戏手机版,267.20MB,https://www.ddooo.com/softdown/247895.htm,是
塔防传说最新版2025,162.67MB,https://www.ddooo.com/softdown/153321.htm,是
咖啡园厨房天地2025最新版,211.47MB,https://www.ddooo.com/softdown/247972.htm,是
整理来解压,359.28MB,https://www.ddooo.com/softdown/251480.htm,是
养只二哈不容易手游,185.03MB,https://www.ddooo.com/softdown/150102.htm,是
小黄人快跑旧版手游,50.65MB,https://www.ddooo.com/softdown/201957.htm,是
新城市创建模拟器游戏,567.11MB,https://www.ddooo.com/softdown/238220.htm,是
超级动物合成游戏,61.57MB,https://www.ddooo.com/softdown/237535.htm,是
音爆方块游戏,50.59MB,https://www.ddooo.com/softdown/148926.htm,是
乡田下忍手游,201.97MB,https://www.ddooo.com/softdown/237991.htm,是
斑点英雄最新版,102.10MB,https://www.ddooo.com/softdown/245601.htm,是
合并庄园阳光小屋游戏,535.66MB,https://www.ddooo.com/softdown/170402.htm,是
僵尸医院大亨(Zombie Hospital),147.36MB,https://www.ddooo.com/softdown/241165.htm,是
米哈游社区app,113.23MB,https://www.ddooo.com/softdown/174218.htm,是
桑塔和七赛莲安卓版,2703.36MB,https://www.ddooo.com/softdown/250252.htm,否
王者营地app,162.08MB,https://www.ddooo.com/softdown/135415.htm,是
易手游app官方版,58.05MB,https://www.ddooo.com/softdown/232588.htm,是
植物大战僵尸中文版原版手机版,126.58MB,https://www.ddooo.com/softdown/184769.htm,是
植物大战僵尸2不用实名认证版最新版,1034.24MB,https://www.ddooo.com/softdown/234760.htm,否
内心的噩梦僵尸官方版,775.91MB,https://www.ddooo.com/softdown/225846.htm,是
病毒来了游戏,11.10MB,https://www.ddooo.com/softdown/146581.htm,是
儿童拼音王国游戏,63.44MB,https://www.ddooo.com/softdown/229707.htm,是
群侠传启动手机版,1126.40MB,https://www.ddooo.com/softdown/239204.htm,否
火柴人大格斗手游,29.82MB,https://www.ddooo.com/softdown/145300.htm,是
怪谈研究所游戏手机版,40.30MB,https://www.ddooo.com/softdown/245096.htm,是
华容道单机版,16.18MB,https://www.ddooo.com/softdown/145179.htm,是
超级大冒险游戏手机版,40.10MB,https://www.ddooo.com/softdown/233788.htm,是
拯救秋雅游戏,90.76MB,https://www.ddooo.com/softdown/236595.htm,是
培养合并怪物游戏,37.07MB,https://www.ddooo.com/softdown/147034.htm,是
源代码删除手游官方版,394.07MB,https://www.ddooo.com/softdown/152587.htm,是
哥布林宝藏游戏,39.64MB,https://www.ddooo.com/softdown/144584.htm,是
Opus灵魂之桥官方版,143.81MB,https://www.ddooo.com/softdown/144499.htm,是
星季免费版,65.62MB,https://www.ddooo.com/softdown/144081.htm,是
summer爱的故事最新版,158.63MB,https://www.ddooo.com/softdown/144710.htm,是
亦辰画质大师官方最新版本,36.65MB,https://www.ddooo.com/softdown/247786.htm,是
无双三国城市闯关,39.06MB,https://www.ddooo.com/softdown/237263.htm,是
3a效果粒子游戏,39.44MB,https://www.ddooo.com/softdown/245743.htm,是
斧头大侠游戏,36.27MB,https://www.ddooo.com/softdown/163705.htm,是
狐里狐涂游戏,133.47MB,https://www.ddooo.com/softdown/175395.htm,是
我砸人贼6手游,35.75MB,https://www.ddooo.com/softdown/168988.htm,是
毁灭火柴人手游,39.01MB,https://www.ddooo.com/softdown/158594.htm,是
病毒大作战B计划游戏,35.46MB,https://www.ddooo.com/softdown/156200.htm,是
迷宫王者游戏,30.59MB,https://www.ddooo.com/softdown/235570.htm,是
小骷髅大冒险游戏,139.36MB,https://www.ddooo.com/softdown/204429.htm,是
像素人必须死,30.63MB,https://www.ddooo.com/softdown/143636.htm,是
菠萝游乐场手机版,75.36MB,https://www.ddooo.com/softdown/235451.htm,是
洪荒之弈手游,34.49MB,https://www.ddooo.com/softdown/160885.htm,是
社交游戏梦物语最新版,59.22MB,https://www.ddooo.com/softdown/143503.htm,是
同城女友官方版,34.34MB,https://www.ddooo.com/softdown/154964.htm,是
机械战争3中文版,39.43MB,https://www.ddooo.com/softdown/149721.htm,是
小小炼金术师官方版,14.59MB,https://www.ddooo.com/softdown/207946.htm,是
一笔之遥游戏,53.44MB,https://www.ddooo.com/softdown/142868.htm,是
铁路国度(Rail Lands),61.14MB,https://www.ddooo.com/softdown/233594.htm,是
建筑模拟器4汉化版,1001.27MB,https://www.ddooo.com/softdown/162975.htm,是
躺平打怪小游戏,38.67MB,https://www.ddooo.com/softdown/230290.htm,是
细胞分裂断罪手机版,171.21MB,https://www.ddooo.com/softdown/128343.htm,是
无限地牢2官方版,19.68MB,https://www.ddooo.com/softdown/141437.htm,是
搬砖之王,121.15MB,https://www.ddooo.com/softdown/239528.htm,是
夺命狙击手官方版,77.55MB,https://www.ddooo.com/softdown/140651.htm,是
西游寻妖记游戏最新版本,458.33MB,https://www.ddooo.com/softdown/206907.htm,是
魔兽英雄地牢突袭手游,42.81MB,https://www.ddooo.com/softdown/139937.htm,是
拉娜之星手机版,3440.64MB,https://www.ddooo.com/softdown/221396.htm,否
cloverpit幸运深渊手机版,45.63MB,https://www.ddooo.com/softdown/210932.htm,是
鸟笼2游戏,141.99MB,https://www.ddooo.com/softdown/140127.htm,是
打僵僵手游,57.37MB,https://www.ddooo.com/softdown/139729.htm,是
汽车吃汽车,63.35MB,https://www.ddooo.com/softdown/138602.htm,是
约翰尼博纳瑟拉的复仇3中文版,126.03MB,https://www.ddooo.com/softdown/139168.htm,是
32战机游戏,8.28MB,https://www.ddooo.com/softdown/192218.htm,是
逃跑吧王蓝莓最新版,50.68MB,https://www.ddooo.com/softdown/192089.htm,是
无路可返游戏,127.21MB,https://www.ddooo.com/softdown/230540.htm,是
跳跃战士之急速跃变游戏免费版,122.27MB,https://www.ddooo.com/softdown/141239.htm,是
欢欢乐跳瓶最新版本,24.09MB,https://www.ddooo.com/softdown/115497.htm,是
全面战争模拟器2手机版正版,116.09MB,https://www.ddooo.com/softdown/223784.htm,是
梦幻拼图,96.12MB,https://www.ddooo.com/softdown/162437.htm,是
拯救大魔王重生手游,189.03MB,https://www.ddooo.com/softdown/141452.htm,是
说谎公主与盲眼王子手机版,2529.28MB,https://www.ddooo.com/softdown/230679.htm,否
我打架无敌手游,72.78MB,https://www.ddooo.com/softdown/190590.htm,是
速降滑板手游,24.14MB,https://www.ddooo.com/softdown/138172.htm,是
我爱拼模型最新版本,318.81MB,https://www.ddooo.com/softdown/161699.htm,是
残酷世界的拯救之道中文版,519.95MB,https://www.ddooo.com/softdown/251475.htm,是
死盘子(deadplate),992.80MB,https://www.ddooo.com/softdown/249287.htm,是
班迪与黑暗复兴手机版,3000.32MB,https://www.ddooo.com/softdown/97263.htm,否
2048枪支升级版手游,52.71MB,https://www.ddooo.com/softdown/142459.htm,是
侏罗纪生存游戏,175.84MB,https://www.ddooo.com/softdown/220029.htm,是
老鼠大冒险最新版,83.57MB,https://www.ddooo.com/softdown/207757.htm,是
越狱模拟器3d中文版,279.84MB,https://www.ddooo.com/softdown/202859.htm,是
真实摩托官方正版,143.04MB,https://www.ddooo.com/softdown/139134.htm,是
单词城堡官方正版,55.00MB,https://www.ddooo.com/softdown/139735.htm,是
台球帝国华为版,247.45MB,https://www.ddooo.com/softdown/202006.htm,是
环形帝国手机版,89.95MB,https://www.ddooo.com/softdown/227475.htm,是
搬砖模拟器手机版,51.96MB,https://www.ddooo.com/softdown/146645.htm,是
极品钢琴最新版本,37.30MB,https://www.ddooo.com/softdown/11989.htm,是
背包幸存者,38.12MB,https://www.ddooo.com/softdown/234406.htm,是
地铁挤一挤小游戏,71.19MB,https://www.ddooo.com/softdown/199141.htm,是
糖果工厂游戏,112.13MB,https://www.ddooo.com/softdown/90480.htm,是
梦幻星餐厅手机版,87.00MB,https://www.ddooo.com/softdown/224252.htm,是
契约与冒险英雄传说,98.98MB,https://www.ddooo.com/softdown/208434.htm,是
画质魔盒官方正版,33.67MB,https://www.ddooo.com/softdown/130155.htm,是
植物大战僵尸新指导版手机版,128.10MB,https://www.ddooo.com/softdown/225281.htm,是
坚强攀登客手游,110.15MB,https://www.ddooo.com/softdown/240106.htm,是
动漫都市手机版,380.89MB,https://www.ddooo.com/softdown/251065.htm,是
towerdominion手机版,250.60MB,https://www.ddooo.com/softdown/78953.htm,是
核后之日官方版,347.59MB,https://www.ddooo.com/softdown/204494.htm,是
不要打扰我修仙手游,37.47MB,https://www.ddooo.com/softdown/156421.htm,是
收纳打扫大师,100.22MB,https://www.ddooo.com/softdown/245739.htm,是
gfx工具箱官方正版,30.96MB,https://www.ddooo.com/softdown/165448.htm,是
快递公司游戏,53.35MB,https://www.ddooo.com/softdown/179524.htm,是
捕鱼达人2单机版,31.74MB,https://www.ddooo.com/softdown/144028.htm,是
闲置食品厂手游,220.63MB,https://www.ddooo.com/softdown/227463.htm,是
准星精灵大师app,32.20MB,https://www.ddooo.com/softdown/249730.htm,是
我的孩子新的开始中文版,760.74MB,https://www.ddooo.com/softdown/251212.htm,是
绝尘漂移2025最新版本,328.68MB,https://www.ddooo.com/softdown/182147.htm,是
熔岩逃跑,115.05MB,https://www.ddooo.com/softdown/245303.htm,是
幸存者危城九游版,270.49MB,https://www.ddooo.com/softdown/152835.htm,是
蜘蛛网大作战中文版,90.68MB,https://www.ddooo.com/softdown/242230.htm,是
暴走萝莉游戏,8.09MB,https://www.ddooo.com/softdown/58492.htm,是
僵尸乐园2(Zombie Ground2),89.39MB,https://www.ddooo.com/softdown/241645.htm,是
孤岛余生2手机版,502.27MB,https://www.ddooo.com/softdown/251466.htm,是
奇怪的电话手游,59.29MB,https://www.ddooo.com/softdown/141723.htm,是
文明创世者(CivCrafter)中文版,70.30MB,https://www.ddooo.com/softdown/138064.htm,是
一起看图找不同软件,164.34MB,https://www.ddooo.com/softdown/229470.htm,是
杀戮之旅3中文版,401.30MB,https://www.ddooo.com/softdown/137515.htm,是
夏日杂货店手机版,33.29MB,https://www.ddooo.com/softdown/137123.htm,是
方块迷阵游戏,30.27MB,https://www.ddooo.com/softdown/137749.htm,是
冲破天际线手游官方版,105.24MB,https://www.ddooo.com/softdown/136618.htm,是
沃克梦中文版,96.63MB,https://www.ddooo.com/softdown/136437.htm,是
破坏巴别塔手游,48.53MB,https://www.ddooo.com/softdown/137434.htm,是
核爆RPG特鲁格勒手机版,2037.76MB,https://www.ddooo.com/softdown/136707.htm,否
古希腊建造者汉化版,74.20MB,https://www.ddooo.com/softdown/232882.htm,是
熊出没之丛林王者游戏最新版,42.27MB,https://www.ddooo.com/softdown/136653.htm,是
明日手游官方正版(Tomorrow),161.74MB,https://www.ddooo.com/softdown/244159.htm,是
监狱帝国大亨中文最新版,333.21MB,https://www.ddooo.com/softdown/168617.htm,是
健身俱乐部大亨游戏,145.49MB,https://www.ddooo.com/softdown/22235.htm,是
堆栈球小游戏,70.54MB,https://www.ddooo.com/softdown/251319.htm,是
修勾逃生巨人危机手机版,146.00MB,https://www.ddooo.com/softdown/218009.htm,是
怪物杀手传奇冒险手游,166.91MB,https://www.ddooo.com/softdown/247564.htm,是
画质阁官方正版,28.39MB,https://www.ddooo.com/softdown/131803.htm,是
问道单机版手游,1925.12MB,https://www.ddooo.com/softdown/186367.htm,否
pubg画质修改器官方正版,27.07MB,https://www.ddooo.com/softdown/199559.htm,是
突击猫队(AssaultCat),375.54MB,https://www.ddooo.com/softdown/235321.htm,是
爆裂砖块2手游,37.89MB,https://www.ddooo.com/softdown/104339.htm,是
火柴人世界战争官方版,133.14MB,https://www.ddooo.com/softdown/212202.htm,是
最后的计程车游戏,37.22MB,https://www.ddooo.com/softdown/165635.htm,是
星座乐消消游戏,368.22MB,https://www.ddooo.com/softdown/242507.htm,是
奥卡拉逃生(Okara Escape),306.26MB,https://www.ddooo.com/softdown/242199.htm,是
我的枪战世界手机版,36.76MB,https://www.ddooo.com/softdown/232319.htm,是
勾车跑酷游戏,121.04MB,https://www.ddooo.com/softdown/239841.htm,是
獾妈模拟器中文版,315.25MB,https://www.ddooo.com/softdown/241243.htm,是
3d驾驶课最新版,271.58MB,https://www.ddooo.com/softdown/235471.htm,是
一起来搬砖游戏,16.76MB,https://www.ddooo.com/softdown/241364.htm,是
窝草模拟器正式版,13.60MB,https://www.ddooo.com/softdown/244337.htm,是
奇异侦探1,125.20MB,https://www.ddooo.com/softdown/225883.htm,是
粉碎学校,36.03MB,https://www.ddooo.com/softdown/62300.htm,是
坚守阵地塔防游戏,31.94MB,https://www.ddooo.com/softdown/239441.htm,是
亲亲大作战手游,35.52MB,https://www.ddooo.com/softdown/160223.htm,是
救救单身狗手游,35.21MB,https://www.ddooo.com/softdown/238136.htm,是
独轮车上的独角兽手机版,128.85MB,https://www.ddooo.com/softdown/247479.htm,是
射偏就会死游戏,34.79MB,https://www.ddooo.com/softdown/238920.htm,是
纽扣的游戏手机版,34.47MB,https://www.ddooo.com/softdown/144672.htm,是
彩弹射击王游戏,126.78MB,https://www.ddooo.com/softdown/244679.htm,是
7天游戏,125.00MB,https://www.ddooo.com/softdown/235658.htm,是
异形谜盘游戏,34.23MB,https://www.ddooo.com/softdown/169817.htm,是
追气球之旅手游,123.56MB,https://www.ddooo.com/softdown/247685.htm,是
八号台球游戏,33.98MB,https://www.ddooo.com/softdown/184593.htm,是
旋动球球游戏,33.51MB,https://www.ddooo.com/softdown/237633.htm,是
疯了个神小游戏,33.10MB,https://www.ddooo.com/softdown/235700.htm,是
真正的驱动器5游戏,199.65MB,https://www.ddooo.com/softdown/249337.htm,是
双枪王者小游戏,32.55MB,https://www.ddooo.com/softdown/227986.htm,是
输出牧场手机版,120.12MB,https://www.ddooo.com/softdown/241674.htm,是
托卡生活开巴士游戏,318.93MB,https://www.ddooo.com/softdown/232429.htm,是
合合美美官方版,121.82MB,https://www.ddooo.com/softdown/236972.htm,是
像素小块官方版,31.96MB,https://www.ddooo.com/softdown/67566.htm,是
火柴人暗影之旅游戏,31.78MB,https://www.ddooo.com/softdown/125373.htm,是
乱世小兵求生计游戏,31.14MB,https://www.ddooo.com/softdown/225895.htm,是
我的托卡城堡模拟器手游,307.04MB,https://www.ddooo.com/softdown/243621.htm,是
嗨收租手机版,30.98MB,https://www.ddooo.com/softdown/160530.htm,是
诡异房子游戏,12.22MB,https://www.ddooo.com/softdown/157398.htm,是
fold craft launcher,234.71MB,https://www.ddooo.com/softdown/173855.htm,是
匆忙烹饪疯狂餐厅,119.57MB,https://www.ddooo.com/softdown/247785.htm,是
承包这片鱼塘游戏,117.84MB,https://www.ddooo.com/softdown/239715.htm,是
贪吃蛇大作战九游版,789.06MB,https://www.ddooo.com/softdown/216260.htm,是
房子装修大师游戏,116.15MB,https://www.ddooo.com/softdown/235238.htm,是
兽人探险队中文版,30.52MB,https://www.ddooo.com/softdown/129190.htm,是
活到大结局游戏手机版,30.08MB,https://www.ddooo.com/softdown/237799.htm,是
超级房车赛手机版,3092.48MB,https://www.ddooo.com/softdown/222636.htm,否
鬼天3剧情版最新版,1474.56MB,https://www.ddooo.com/softdown/245206.htm,否
七天创造我的世界手游,104.17MB,https://www.ddooo.com/softdown/239655.htm,是
黑暗密语最新版,92.10MB,https://www.ddooo.com/softdown/246408.htm,是
偏见游戏,3.51MB,https://www.ddooo.com/softdown/240151.htm,是
ZATO游戏,375.75MB,https://www.ddooo.com/softdown/197529.htm,是
剑刃重生手机版,59.59MB,https://www.ddooo.com/softdown/239379.htm,是
碎屏解压模拟器游戏,29.72MB,https://www.ddooo.com/softdown/208189.htm,是
幸存者英雄手机版,361.33MB,https://www.ddooo.com/softdown/235347.htm,是
