文件名,链接,提取码,分享时间,分享状态
黑暗光年传奇手游官方下载安装 v1.1.7 安卓版,https://pan.baidu.com/s/1AeidKpZomWMYI6y9cDoewA?pwd=bp7n,bp7n,2026-01-15 09:03,生成成功
魔法启示录官方下载手机版 v1.0 安卓版,https://pan.baidu.com/s/1xViOyWiId_nSOOvYGNePFw?pwd=bp7n,bp7n,2026-01-15 09:03,生成成功
鱼吃鱼官方版下载免登录2025 v2.3 安卓版,https://pan.baidu.com/s/17svTBXghftna4dCWsVtIlw?pwd=bp7n,bp7n,2026-01-15 09:03,生成成功
龙神之光传奇最新版 v2.0.16 安卓版,https://pan.baidu.com/s/1xDVYfjBAH5fVWEmH8AK40Q?pwd=bp7n,bp7n,2026-01-15 09:03,生成成功
魔与道官方版本下载,https://pan.baidu.com/s/1KVsXelzpKhEDbZnUv3g1yg?pwd=bp7n,bp7n,2026-01-15 09:03,生成成功
魔兽小宠物口袋妖怪格斗版破解版下载,https://pan.baidu.com/s/1C6VOJEJ3W6fws8xn6TEkAQ?pwd=bp7n,bp7n,2026-01-15 09:03,生成成功
魔法战线破解版安卓版内置菜单 v1.0.0 官方最新版,https://pan.baidu.com/s/1NVS7Rc1OESbQDB_Q08fi5g?pwd=bp7n,bp7n,2026-01-15 09:03,生成成功
魔卡少女樱回忆钥匙手游官网,https://pan.baidu.com/s/1z4Xv0ESdI-oDW7Y5KZUfgg?pwd=bp7n,bp7n,2026-01-15 09:03,生成成功
鱼丸捕鱼大作战官方下载777,https://pan.baidu.com/s/1eThFtKlwxE1vN--qfhlVsg?pwd=bp7n,bp7n,2026-01-15 09:03,生成成功
鸣人的假期2.0安卓版 v2.0汉化版,https://pan.baidu.com/s/1cHwxEIyJlXBXZWI-kjna2w?pwd=bp7n,bp7n,2026-01-15 09:03,生成成功
骑士冲呀犀游版下载 v1.21.101 安卓版,https://pan.baidu.com/s/1p7VLI1w6rDRJejan_15VBw?pwd=bp7n,bp7n,2026-01-15 09:03,生成成功
魔灵幻想手游官网,https://pan.baidu.com/s/1EXw9giWj1Ix-HUpzAWscLw?pwd=bp7n,bp7n,2026-01-15 09:03,生成成功
魔卡少女樱回忆钥匙官网,https://pan.baidu.com/s/1R1NkvXbBijMTpvT1qgK_yw?pwd=bp7n,bp7n,2026-01-15 09:03,生成成功
魔域口袋版官方互通服下载,https://pan.baidu.com/s/1hWRsjIKcj8dmycUVQ7yS-g?pwd=bp7n,bp7n,2026-01-15 09:03,生成成功
骑士冲呀官方正版 v1.21.101 安卓版,https://pan.baidu.com/s/1kV7TzIXNdHEkW-RIpaRm4w?pwd=bp7n,bp7n,2026-01-15 09:03,生成成功
魔灵幻想破解版内置菜单最新版 v1.20.0 官方版,https://pan.baidu.com/s/1jiIPL_Y4QLytX2WMpK2-2A?pwd=bp7n,bp7n,2026-01-15 09:03,生成成功
魔卡领域手游官网,https://pan.baidu.com/s/10031fnpZHejpffJkti_KWQ?pwd=bp7n,bp7n,2026-01-15 09:03,生成成功
魔法时代2024官方最新版下载 v2.22.4 安卓版,https://pan.baidu.com/s/1wdnkbSO-04vMopk1Vm2ESw?pwd=bp7n,bp7n,2026-01-15 09:03,生成成功
魔卡幻想官方版 v4.63.0.23384 安卓版,https://pan.baidu.com/s/1Ll1YSP2XxgWClfULt0pRZA?pwd=bp7n,bp7n,2026-01-15 09:03,生成成功
黑色沙漠国服最新消息,https://pan.baidu.com/s/1xMc7xH_vb7BxC3qmz7bx9A?pwd=bp7n,bp7n,2026-01-15 09:03,生成成功
鬼魂2025最新版官方正版下载 v1.3 安卓版,https://pan.baidu.com/s/1xAOyTvATUOYbBtk1a94yJQ?pwd=bp7n,bp7n,2026-01-15 09:03,生成成功
魔剑侠缘手游官网下载,https://pan.baidu.com/s/1RzAfZVu2VTEQNv-YIzpBDg?pwd=bp7n,bp7n,2026-01-15 09:03,生成成功
魔法拼图安卓版下载安装,https://pan.baidu.com/s/1A_b9tOn-YsU_K6UlIbIYgQ?pwd=bp7n,bp7n,2026-01-15 09:03,生成成功